dataset,metric,estimate,lower,upper
Challenge 2015,prevalence,0.35294117647058826,0.28104575163398693,0.43137254901960786
Challenge 2015,candidate_frequency,1.0,1.0,1.0
Challenge 2015,candidate_ppv,0.35294117647058826,0.28104575163398693,0.43137254901960786
Challenge 2015,action_ppv,0.33793103448275863,0.2620689655172414,0.41497916067835583
Challenge 2015,candidate_sensitivity,1.0,1.0,1.0
Challenge 2015,operational_sensitivity,0.9074074074074074,0.8214285714285714,0.9807692307692307
Challenge 2015,candidate_false_action_rate,1.0,1.0,1.0
Challenge 2015,false_action_rate,0.9696969696969697,0.9375,1.0
Challenge 2015,q1,0.9074074074074074,0.8214285714285714,0.9807692307692307
Challenge 2015,q0,0.9696969696969697,0.9375,1.0
Challenge 2015,delta_q,-0.062289562289562284,-0.15249860342288357,0.020629408572978864
Challenge 2015,action_frequency,0.9477124183006536,0.9150326797385621,0.9803921568627451
Challenge 2015,withholding_frequency,0.05228758169934641,0.0196078431372549,0.08496732026143791
Challenge 2015,true_candidates_withheld,0.09259259259259259,0.019230769230769232,0.17857142857142858
Challenge 2015,false_candidates_removed,0.030303030303030304,0.0,0.0625
PTB-XL,prevalence,0.2502274795268426,0.23007474151452073,0.27055925328762465
PTB-XL,candidate_frequency,0.4035486806187443,0.3814829196942045,0.4262270609622975
PTB-XL,candidate_ppv,0.4419391206313416,0.4069354195734503,0.47539339365238664
PTB-XL,action_ppv,0.43731778425655976,0.3999926253687316,0.4740636674138115
PTB-XL,candidate_sensitivity,0.7127272727272728,0.6715964749536179,0.7532895197161278
PTB-XL,operational_sensitivity,0.5454545454545454,0.5033853373921867,0.5873434088877818
PTB-XL,candidate_false_action_rate,0.3003640776699029,0.2771291296169979,0.3226007311769643
PTB-XL,false_action_rate,0.2342233009708738,0.2136460286541297,0.25670835040309015
PTB-XL,q1,0.7653061224489796,0.7209724416359488,0.8025316455696202
PTB-XL,q0,0.7797979797979798,0.7435332950383525,0.8187137415251275
PTB-XL,delta_q,-0.01449185734900027,-0.07199167427109757,0.03836808385060427
PTB-XL,action_frequency,0.31210191082802546,0.2922345410375929,0.3328786581976779
PTB-XL,withholding_frequency,0.09144676979071883,0.07965736333358736,0.1037006559891023
PTB-XL,true_candidates_withheld,0.23469387755102042,0.19746835443037974,0.27902755836405124
PTB-XL,false_candidates_removed,0.2202020202020202,0.18128625847487242,0.2564667049616475
