dataset,strategy,n,prevalence,candidate_frequency,candidate_ppv,action_ppv,candidate_sensitivity,operational_sensitivity,candidate_false_action_rate,false_action_rate,q1,q0,delta_q,action_frequency,withholding_frequency,true_candidates_withheld,false_candidates_removed,random_metric,random_mean,random_lower,random_upper
Challenge 2015,original_candidate,153.0,0.35294117647058826,1.0,0.35294117647058826,0.35294117647058826,1.0,1.0,1.0,1.0,1.0,1.0,0.0,1.0,0.0,0.0,0.0,,,,
Challenge 2015,hard_admissibility_gate,153.0,0.35294117647058826,1.0,0.35294117647058826,0.33793103448275863,1.0,0.9074074074074074,1.0,0.9696969696969697,0.9074074074074074,0.9696969696969697,-0.062289562289562284,0.9477124183006536,0.05228758169934641,0.09259259259259259,0.030303030303030304,,,,
Challenge 2015,matched_random_gate:action_ppv,,,,,,,,,,,,,,,,,action_ppv,0.35333793103448274,0.33793103448275863,0.3724137931034483
Challenge 2015,matched_random_gate:operational_sensitivity,,,,,,,,,,,,,,,,,operational_sensitivity,0.9487777777777778,0.9074074074074074,1.0
Challenge 2015,matched_random_gate:false_action_rate,,,,,,,,,,,,,,,,,false_action_rate,0.9471313131313132,0.9191919191919192,0.9696969696969697
PTB-XL,original_candidate,2198.0,0.2502274795268426,0.4035486806187443,0.4419391206313416,0.4419391206313416,0.7127272727272728,0.7127272727272728,0.3003640776699029,0.3003640776699029,1.0,1.0,0.0,0.4035486806187443,0.0,0.0,0.0,,,,
PTB-XL,hard_admissibility_gate,2198.0,0.2502274795268426,0.4035486806187443,0.4419391206313416,0.43731778425655976,0.7127272727272728,0.5454545454545454,0.3003640776699029,0.2342233009708738,0.7653061224489796,0.7797979797979798,-0.01449185734900027,0.31210191082802546,0.09144676979071883,0.23469387755102042,0.2202020202020202,,,,
PTB-XL,matched_random_gate:action_ppv,,,,,,,,,,,,,,,,,action_ppv,0.44144897959183677,0.4227405247813411,0.4577259475218659
PTB-XL,matched_random_gate:operational_sensitivity,,,,,,,,,,,,,,,,,operational_sensitivity,0.5506072727272727,0.5272727272727272,0.5709090909090909
PTB-XL,matched_random_gate:false_action_rate,,,,,,,,,,,,,,,,,false_action_rate,0.23250364077669902,0.22572815533980584,0.24029126213592233
PTB-XL,retuned_s_threshold,2198.0,0.2502274795268426,0.3016378525932666,0.5037707390648567,0.5037707390648567,0.6072727272727273,0.6072727272727273,0.19963592233009708,0.19963592233009708,1.0,1.0,0.0,0.3016378525932666,0.0,0.0,0.0,,,,
PTB-XL,same_score_confidence_gate,2198.0,0.2502274795268426,0.4035486806187443,0.4419391206313416,0.5037707390648567,0.7127272727272728,0.6072727272727273,0.3003640776699029,0.19963592233009708,0.8520408163265306,0.6646464646464646,0.18739435168006602,0.3016378525932666,0.10191082802547771,0.14795918367346939,0.33535353535353535,,,,
PTB-XL,joint_s_q_model,2198.0,0.2502274795268426,0.41583257506824384,0.43544857768052514,0.43544857768052514,0.7236363636363636,0.7236363636363636,0.3131067961165049,0.3131067961165049,1.0,1.0,0.0,0.41583257506824384,0.0,0.0,0.0,,,,
