stratum_variable,stratum,n,prevalence,candidate_frequency,candidate_ppv,action_ppv,candidate_sensitivity,operational_sensitivity,candidate_false_action_rate,false_action_rate,q1,q0,delta_q,action_frequency,withholding_frequency,true_candidates_withheld,false_candidates_removed,dataset
alarm_type,Asystole,34.0,0.14705882352941177,1.0,0.14705882352941177,0.09375,1.0,0.6,1.0,1.0,0.6,1.0,-0.4,0.9411764705882353,0.058823529411764705,0.4,0.0,Challenge 2015
alarm_type,Bradycardia,13.0,0.5384615384615384,1.0,0.5384615384615384,0.5454545454545454,1.0,0.8571428571428571,1.0,0.8333333333333334,0.8571428571428571,0.8333333333333334,0.023809523809523725,0.8461538461538461,0.15384615384615385,0.14285714285714285,0.16666666666666666,Challenge 2015
alarm_type,Tachycardia,26.0,0.8461538461538461,1.0,0.8461538461538461,0.8333333333333334,1.0,0.9090909090909091,1.0,1.0,0.9090909090909091,1.0,-0.09090909090909094,0.9230769230769231,0.07692307692307693,0.09090909090909091,0.0,Challenge 2015
alarm_type,Ventricular_Tachycardia,71.0,0.28169014084507044,1.0,0.28169014084507044,0.2898550724637681,1.0,1.0,1.0,0.9607843137254902,1.0,0.9607843137254902,0.039215686274509776,0.971830985915493,0.028169014084507043,0.0,0.0392156862745098,Challenge 2015
device,AT-6     6,240.0,0.20833333333333334,0.4,0.3541666666666667,0.3409090909090909,0.68,0.6,0.3263157894736842,0.30526315789473685,0.8823529411764706,0.9354838709677419,-0.05313092979127132,0.36666666666666664,0.03333333333333333,0.11764705882352941,0.06451612903225806,PTB-XL
device,AT-6 C,100.0,0.37,0.61,0.5081967213114754,0.5128205128205128,0.8378378378378378,0.5405405405405406,0.47619047619047616,0.30158730158730157,0.6451612903225806,0.6333333333333333,0.011827956989247324,0.39,0.22,0.3548387096774194,0.36666666666666664,PTB-XL
device,AT-6 C 5.5,384.0,0.20833333333333334,0.3619791666666667,0.4028776978417266,0.38345864661654133,0.7,0.6375,0.2730263157894737,0.26973684210526316,0.9107142857142857,0.9879518072289156,-0.07723752151462993,0.3463541666666667,0.015625,0.08928571428571429,0.012048192771084338,PTB-XL
device,AT-60    3,174.0,0.3390804597701149,0.5632183908045977,0.5306122448979592,0.5571428571428572,0.8813559322033898,0.6610169491525424,0.4,0.26956521739130435,0.75,0.6739130434782609,0.07608695652173914,0.40229885057471265,0.16091954022988506,0.25,0.32608695652173914,PTB-XL
device,CS-12,703.0,0.31436699857752487,0.465149359886202,0.46788990825688076,0.48627450980392156,0.6923076923076923,0.5610859728506787,0.36099585062240663,0.2717842323651452,0.8104575163398693,0.7528735632183908,0.05758395312147846,0.3627311522048364,0.10241820768136557,0.1895424836601307,0.2471264367816092,PTB-XL
device,CS-12   E,437.0,0.12585812356979406,0.18993135011441648,0.30120481927710846,0.2727272727272727,0.45454545454545453,0.21818181818181817,0.1518324607329843,0.08376963350785341,0.48,0.5517241379310345,-0.07172413793103449,0.10068649885583524,0.08924485125858124,0.52,0.4482758620689655,PTB-XL
site,0.0,487.0,0.1601642710472279,0.24435318275154005,0.40336134453781514,0.3548387096774194,0.6153846153846154,0.28205128205128205,0.17359413202933985,0.097799511002445,0.4583333333333333,0.5633802816901409,-0.10504694835680756,0.1273100616016427,0.11704312114989733,0.5416666666666666,0.43661971830985913,PTB-XL
site,1.0,604.0,0.2052980132450331,0.39072847682119205,0.3644067796610169,0.34684684684684686,0.6935483870967742,0.6209677419354839,0.3125,0.3020833333333333,0.8953488372093024,0.9666666666666667,-0.07131782945736431,0.3675496688741722,0.023178807947019868,0.10465116279069768,0.03333333333333333,PTB-XL
site,2.0,888.0,0.3186936936936937,0.48423423423423423,0.48372093023255813,0.503030303030303,0.734982332155477,0.5865724381625441,0.3669421487603306,0.27107438016528923,0.7980769230769231,0.7387387387387387,0.059338184338184385,0.3716216216216216,0.11261261261261261,0.20192307692307693,0.26126126126126126,PTB-XL
site,3.0,110.0,0.37272727272727274,0.6090909090909091,0.5223880597014925,0.5227272727272727,0.8536585365853658,0.5609756097560976,0.463768115942029,0.30434782608695654,0.6571428571428571,0.65625,0.0008928571428571397,0.4,0.20909090909090908,0.34285714285714286,0.34375,PTB-XL
